Landkreis;Personen;Altersgruppe;Geschlecht;Nationalität
SK Berlin Mitte;8977;A00-A05;M;D
SK Berlin Mitte;11221;A06-A14;M;D
SK Berlin Mitte;3453;A15-A17;M;D
SK Berlin Mitte;2267;A18-A19;M;D
SK Berlin Mitte;7702;A20-A24;M;D
SK Berlin Mitte;11019;A25-A29;M;D
SK Berlin Mitte;13344;A30-A34;M;D
SK Berlin Mitte;10857;A35-A39;M;D
SK Berlin Mitte;9150;A40-A44;M;D
SK Berlin Mitte;24743;A45-A59;M;D
SK Berlin Mitte;7311;A60-A64;M;D
SK Berlin Mitte;18062;A65+;M;D
SK Berlin Friedrichshain-Kreuzberg;7646;A00-A05;M;D
SK Berlin Friedrichshain-Kreuzberg;9423;A06-A14;M;D
SK Berlin Friedrichshain-Kreuzberg;2670;A15-A17;M;D
SK Berlin Friedrichshain-Kreuzberg;1768;A18-A19;M;D
SK Berlin Friedrichshain-Kreuzberg;5043;A20-A24;M;D
SK Berlin Friedrichshain-Kreuzberg;7204;A25-A29;M;D
SK Berlin Friedrichshain-Kreuzberg;10637;A30-A34;M;D
SK Berlin Friedrichshain-Kreuzberg;10884;A35-A39;M;D
SK Berlin Friedrichshain-Kreuzberg;10254;A40-A44;M;D
SK Berlin Friedrichshain-Kreuzberg;22711;A45-A59;M;D
SK Berlin Friedrichshain-Kreuzberg;5827;A60-A64;M;D
SK Berlin Friedrichshain-Kreuzberg;10947;A65+;M;D
SK Berlin Pankow;11065;A00-A05;M;D
SK Berlin Pankow;16961;A06-A14;M;D
SK Berlin Pankow;4864;A15-A17;M;D
SK Berlin Pankow;2913;A18-A19;M;D
SK Berlin Pankow;6768;A20-A24;M;D
SK Berlin Pankow;8069;A25-A29;M;D
SK Berlin Pankow;12372;A30-A34;M;D
SK Berlin Pankow;14050;A35-A39;M;D
SK Berlin Pankow;13927;A40-A44;M;D
SK Berlin Pankow;42634;A45-A59;M;D
SK Berlin Pankow;10219;A60-A64;M;D
SK Berlin Pankow;25035;A65+;M;D
SK Berlin Charlottenburg-Wilmersdorf;6888;A00-A05;M;D
SK Berlin Charlottenburg-Wilmersdorf;9113;A06-A14;M;D
SK Berlin Charlottenburg-Wilmersdorf;3058;A15-A17;M;D
SK Berlin Charlottenburg-Wilmersdorf;2004;A18-A19;M;D
SK Berlin Charlottenburg-Wilmersdorf;6169;A20-A24;M;D
SK Berlin Charlottenburg-Wilmersdorf;7672;A25-A29;M;D
SK Berlin Charlottenburg-Wilmersdorf;8221;A30-A34;M;D
SK Berlin Charlottenburg-Wilmersdorf;7681;A35-A39;M;D
SK Berlin Charlottenburg-Wilmersdorf;7070;A40-A44;M;D
SK Berlin Charlottenburg-Wilmersdorf;24274;A45-A59;M;D
SK Berlin Charlottenburg-Wilmersdorf;8771;A60-A64;M;D
SK Berlin Charlottenburg-Wilmersdorf;29170;A65+;M;D
SK Berlin Spandau;5898;A00-A05;M;D
SK Berlin Spandau;8709;A06-A14;M;D
SK Berlin Spandau;2752;A15-A17;M;D
SK Berlin Spandau;1847;A18-A19;M;D
SK Berlin Spandau;5255;A20-A24;M;D
SK Berlin Spandau;5313;A25-A29;M;D
SK Berlin Spandau;5944;A30-A34;M;D
SK Berlin Spandau;5712;A35-A39;M;D
SK Berlin Spandau;5377;A40-A44;M;D
SK Berlin Spandau;18593;A45-A59;M;D
SK Berlin Spandau;6735;A60-A64;M;D
SK Berlin Spandau;20822;A65+;M;D
SK Berlin Steglitz-Zehlendorf;6830;A00-A05;M;D
SK Berlin Steglitz-Zehlendorf;11346;A06-A14;M;D
SK Berlin Steglitz-Zehlendorf;3718;A15-A17;M;D
SK Berlin Steglitz-Zehlendorf;2408;A18-A19;M;D
SK Berlin Steglitz-Zehlendorf;6102;A20-A24;M;D
SK Berlin Steglitz-Zehlendorf;5765;A25-A29;M;D
SK Berlin Steglitz-Zehlendorf;6370;A30-A34;M;D
SK Berlin Steglitz-Zehlendorf;6558;A35-A39;M;D
SK Berlin Steglitz-Zehlendorf;6741;A40-A44;M;D
SK Berlin Steglitz-Zehlendorf;25872;A45-A59;M;D
SK Berlin Steglitz-Zehlendorf;8516;A60-A64;M;D
SK Berlin Steglitz-Zehlendorf;30966;A65+;M;D
SK Berlin Tempelhof-Schöneberg;8737;A00-A05;M;D
SK Berlin Tempelhof-Schöneberg;11460;A06-A14;M;D
SK Berlin Tempelhof-Schöneberg;3589;A15-A17;M;D
SK Berlin Tempelhof-Schöneberg;2435;A18-A19;M;D
SK Berlin Tempelhof-Schöneberg;6835;A20-A24;M;D
SK Berlin Tempelhof-Schöneberg;8024;A25-A29;M;D
SK Berlin Tempelhof-Schöneberg;9177;A30-A34;M;D
SK Berlin Tempelhof-Schöneberg;9044;A35-A39;M;D
SK Berlin Tempelhof-Schöneberg;8297;A40-A44;M;D
SK Berlin Tempelhof-Schöneberg;27625;A45-A59;M;D
SK Berlin Tempelhof-Schöneberg;9604;A60-A64;M;D
SK Berlin Tempelhof-Schöneberg;28425;A65+;M;D
SK Berlin Neukölln;8290;A00-A05;M;D
SK Berlin Neukölln;11113;A06-A14;M;D
SK Berlin Neukölln;3499;A15-A17;M;D
SK Berlin Neukölln;2296;A18-A19;M;D
SK Berlin Neukölln;6153;A20-A24;M;D
SK Berlin Neukölln;7360;A25-A29;M;D
SK Berlin Neukölln;9742;A30-A34;M;D
SK Berlin Neukölln;9297;A35-A39;M;D
SK Berlin Neukölln;8073;A40-A44;M;D
SK Berlin Neukölln;22170;A45-A59;M;D
SK Berlin Neukölln;7561;A60-A64;M;D
SK Berlin Neukölln;21723;A65+;M;D
SK Berlin Treptow-Köpenick;7630;A00-A05;M;D
SK Berlin Treptow-Köpenick;9886;A06-A14;M;D
SK Berlin Treptow-Köpenick;2776;A15-A17;M;D
SK Berlin Treptow-Köpenick;1797;A18-A19;M;D
SK Berlin Treptow-Köpenick;5440;A20-A24;M;D
SK Berlin Treptow-Köpenick;5761;A25-A29;M;D
SK Berlin Treptow-Köpenick;8851;A30-A34;M;D
SK Berlin Treptow-Köpenick;9697;A35-A39;M;D
SK Berlin Treptow-Köpenick;8952;A40-A44;M;D
SK Berlin Treptow-Köpenick;25616;A45-A59;M;D
SK Berlin Treptow-Köpenick;8453;A60-A64;M;D
SK Berlin Treptow-Köpenick;24661;A65+;M;D
SK Berlin Marzahn-Hellersdorf;7035;A00-A05;M;D
SK Berlin Marzahn-Hellersdorf;11080;A06-A14;M;D
SK Berlin Marzahn-Hellersdorf;3144;A15-A17;M;D
SK Berlin Marzahn-Hellersdorf;1950;A18-A19;M;D
SK Berlin Marzahn-Hellersdorf;4950;A20-A24;M;D
SK Berlin Marzahn-Hellersdorf;4596;A25-A29;M;D
SK Berlin Marzahn-Hellersdorf;7815;A30-A34;M;D
SK Berlin Marzahn-Hellersdorf;9435;A35-A39;M;D
SK Berlin Marzahn-Hellersdorf;8528;A40-A44;M;D
SK Berlin Marzahn-Hellersdorf;22535;A45-A59;M;D
SK Berlin Marzahn-Hellersdorf;10057;A60-A64;M;D
SK Berlin Marzahn-Hellersdorf;26294;A65+;M;D
SK Berlin Lichtenberg;7697;A00-A05;M;D
SK Berlin Lichtenberg;10259;A06-A14;M;D
SK Berlin Lichtenberg;2846;A15-A17;M;D
SK Berlin Lichtenberg;1799;A18-A19;M;D
SK Berlin Lichtenberg;5044;A20-A24;M;D
SK Berlin Lichtenberg;5813;A25-A29;M;D
SK Berlin Lichtenberg;9648;A30-A34;M;D
SK Berlin Lichtenberg;11011;A35-A39;M;D
SK Berlin Lichtenberg;9437;A40-A44;M;D
SK Berlin Lichtenberg;22044;A45-A59;M;D
SK Berlin Lichtenberg;7933;A60-A64;M;D
SK Berlin Lichtenberg;23624;A65+;M;D
SK Berlin Reinickendorf;6555;A00-A05;M;D
SK Berlin Reinickendorf;9473;A06-A14;M;D
SK Berlin Reinickendorf;3020;A15-A17;M;D
SK Berlin Reinickendorf;2069;A18-A19;M;D
SK Berlin Reinickendorf;5230;A20-A24;M;D
SK Berlin Reinickendorf;5377;A25-A29;M;D
SK Berlin Reinickendorf;6080;A30-A34;M;D
SK Berlin Reinickendorf;5876;A35-A39;M;D
SK Berlin Reinickendorf;5355;A40-A44;M;D
SK Berlin Reinickendorf;20846;A45-A59;M;D
SK Berlin Reinickendorf;7628;A60-A64;M;D
SK Berlin Reinickendorf;24930;A65+;M;D
Berlin;93248;A00-A05;M;D
Berlin;130044;A06-A14;M;D
Berlin;39389;A15-A17;M;D
Berlin;25553;A18-A19;M;D
Berlin;70691;A20-A24;M;D
Berlin;81973;A25-A29;M;D
Berlin;108201;A30-A34;M;D
Berlin;110102;A35-A39;M;D
Berlin;101161;A40-A44;M;D
Berlin;299663;A45-A59;M;D
Berlin;98615;A60-A64;M;D
Berlin;284659;A65+;M;D
SK Berlin Mitte;8404;A00-A05;W;D
SK Berlin Mitte;10578;A06-A14;W;D
SK Berlin Mitte;3312;A15-A17;W;D
SK Berlin Mitte;2367;A18-A19;W;D
SK Berlin Mitte;8335;A20-A24;W;D
SK Berlin Mitte;11673;A25-A29;W;D
SK Berlin Mitte;12302;A30-A34;W;D
SK Berlin Mitte;9636;A35-A39;W;D
SK Berlin Mitte;7782;A40-A44;W;D
SK Berlin Mitte;20594;A45-A59;W;D
SK Berlin Mitte;6484;A60-A64;W;D
SK Berlin Mitte;21715;A65+;W;D
SK Berlin Friedrichshain-Kreuzberg;6978;A00-A05;W;D
SK Berlin Friedrichshain-Kreuzberg;8825;A06-A14;W;D
SK Berlin Friedrichshain-Kreuzberg;2635;A15-A17;W;D
SK Berlin Friedrichshain-Kreuzberg;1689;A18-A19;W;D
SK Berlin Friedrichshain-Kreuzberg;5418;A20-A24;W;D
SK Berlin Friedrichshain-Kreuzberg;8292;A25-A29;W;D
SK Berlin Friedrichshain-Kreuzberg;10764;A30-A34;W;D
SK Berlin Friedrichshain-Kreuzberg;10396;A35-A39;W;D
SK Berlin Friedrichshain-Kreuzberg;9184;A40-A44;W;D
SK Berlin Friedrichshain-Kreuzberg;18658;A45-A59;W;D
SK Berlin Friedrichshain-Kreuzberg;4902;A60-A64;W;D
SK Berlin Friedrichshain-Kreuzberg;13381;A65+;W;D
SK Berlin Pankow;10547;A00-A05;W;D
SK Berlin Pankow;16267;A06-A14;W;D
SK Berlin Pankow;4578;A15-A17;W;D
SK Berlin Pankow;2649;A18-A19;W;D
SK Berlin Pankow;7424;A20-A24;W;D
SK Berlin Pankow;9114;A25-A29;W;D
SK Berlin Pankow;13489;A30-A34;W;D
SK Berlin Pankow;14667;A35-A39;W;D
SK Berlin Pankow;14689;A40-A44;W;D
SK Berlin Pankow;40018;A45-A59;W;D
SK Berlin Pankow;9631;A60-A64;W;D
SK Berlin Pankow;34813;A65+;W;D
SK Berlin Charlottenburg-Wilmersdorf;6510;A00-A05;W;D
SK Berlin Charlottenburg-Wilmersdorf;8728;A06-A14;W;D
SK Berlin Charlottenburg-Wilmersdorf;2722;A15-A17;W;D
SK Berlin Charlottenburg-Wilmersdorf;2041;A18-A19;W;D
SK Berlin Charlottenburg-Wilmersdorf;6727;A20-A24;W;D
SK Berlin Charlottenburg-Wilmersdorf;8094;A25-A29;W;D
SK Berlin Charlottenburg-Wilmersdorf;8161;A30-A34;W;D
SK Berlin Charlottenburg-Wilmersdorf;7573;A35-A39;W;D
SK Berlin Charlottenburg-Wilmersdorf;6935;A40-A44;W;D
SK Berlin Charlottenburg-Wilmersdorf;25946;A45-A59;W;D
SK Berlin Charlottenburg-Wilmersdorf;9467;A60-A64;W;D
SK Berlin Charlottenburg-Wilmersdorf;39422;A65+;W;D
SK Berlin Spandau;5725;A00-A05;W;D
SK Berlin Spandau;8206;A06-A14;W;D
SK Berlin Spandau;2618;A15-A17;W;D
SK Berlin Spandau;1743;A18-A19;W;D
SK Berlin Spandau;5019;A20-A24;W;D
SK Berlin Spandau;4949;A25-A29;W;D
SK Berlin Spandau;5752;A30-A34;W;D
SK Berlin Spandau;5562;A35-A39;W;D
SK Berlin Spandau;5218;A40-A44;W;D
SK Berlin Spandau;19334;A45-A59;W;D
SK Berlin Spandau;7226;A60-A64;W;D
SK Berlin Spandau;27972;A65+;W;D
SK Berlin Steglitz-Zehlendorf;6644;A00-A05;W;D
SK Berlin Steglitz-Zehlendorf;10701;A06-A14;W;D
SK Berlin Steglitz-Zehlendorf;3479;A15-A17;W;D
SK Berlin Steglitz-Zehlendorf;2394;A18-A19;W;D
SK Berlin Steglitz-Zehlendorf;6188;A20-A24;W;D
SK Berlin Steglitz-Zehlendorf;5806;A25-A29;W;D
SK Berlin Steglitz-Zehlendorf;6475;A30-A34;W;D
SK Berlin Steglitz-Zehlendorf;6976;A35-A39;W;D
SK Berlin Steglitz-Zehlendorf;7344;A40-A44;W;D
SK Berlin Steglitz-Zehlendorf;28813;A45-A59;W;D
SK Berlin Steglitz-Zehlendorf;9779;A60-A64;W;D
SK Berlin Steglitz-Zehlendorf;42898;A65+;W;D
SK Berlin Tempelhof-Schöneberg;8264;A00-A05;W;D
SK Berlin Tempelhof-Schöneberg;10938;A06-A14;W;D
SK Berlin Tempelhof-Schöneberg;3435;A15-A17;W;D
SK Berlin Tempelhof-Schöneberg;2408;A18-A19;W;D
SK Berlin Tempelhof-Schöneberg;7153;A20-A24;W;D
SK Berlin Tempelhof-Schöneberg;8292;A25-A29;W;D
SK Berlin Tempelhof-Schöneberg;9413;A30-A34;W;D
SK Berlin Tempelhof-Schöneberg;8902;A35-A39;W;D
SK Berlin Tempelhof-Schöneberg;8292;A40-A44;W;D
SK Berlin Tempelhof-Schöneberg;27857;A45-A59;W;D
SK Berlin Tempelhof-Schöneberg;9988;A60-A64;W;D
SK Berlin Tempelhof-Schöneberg;37707;A65+;W;D
SK Berlin Neukölln;7966;A00-A05;W;D
SK Berlin Neukölln;10803;A06-A14;W;D
SK Berlin Neukölln;3270;A15-A17;W;D
SK Berlin Neukölln;2170;A18-A19;W;D
SK Berlin Neukölln;6160;A20-A24;W;D
SK Berlin Neukölln;8127;A25-A29;W;D
SK Berlin Neukölln;10506;A30-A34;W;D
SK Berlin Neukölln;9488;A35-A39;W;D
SK Berlin Neukölln;7749;A40-A44;W;D
SK Berlin Neukölln;20903;A45-A59;W;D
SK Berlin Neukölln;7395;A60-A64;W;D
SK Berlin Neukölln;27778;A65+;W;D
SK Berlin Treptow-Köpenick;7063;A00-A05;W;D
SK Berlin Treptow-Köpenick;9583;A06-A14;W;D
SK Berlin Treptow-Köpenick;2657;A15-A17;W;D
SK Berlin Treptow-Köpenick;1772;A18-A19;W;D
SK Berlin Treptow-Köpenick;5304;A20-A24;W;D
SK Berlin Treptow-Köpenick;5796;A25-A29;W;D
SK Berlin Treptow-Köpenick;9102;A30-A34;W;D
SK Berlin Treptow-Köpenick;9721;A35-A39;W;D
SK Berlin Treptow-Köpenick;8486;A40-A44;W;D
SK Berlin Treptow-Köpenick;24534;A45-A59;W;D
SK Berlin Treptow-Köpenick;8286;A60-A64;W;D
SK Berlin Treptow-Köpenick;34281;A65+;W;D
SK Berlin Marzahn-Hellersdorf;6597;A00-A05;W;D
SK Berlin Marzahn-Hellersdorf;10287;A06-A14;W;D
SK Berlin Marzahn-Hellersdorf;3037;A15-A17;W;D
SK Berlin Marzahn-Hellersdorf;1925;A18-A19;W;D
SK Berlin Marzahn-Hellersdorf;5007;A20-A24;W;D
SK Berlin Marzahn-Hellersdorf;4460;A25-A29;W;D
SK Berlin Marzahn-Hellersdorf;7428;A30-A34;W;D
SK Berlin Marzahn-Hellersdorf;8659;A35-A39;W;D
SK Berlin Marzahn-Hellersdorf;7494;A40-A44;W;D
SK Berlin Marzahn-Hellersdorf;22697;A45-A59;W;D
SK Berlin Marzahn-Hellersdorf;10946;A60-A64;W;D
SK Berlin Marzahn-Hellersdorf;32738;A65+;W;D
SK Berlin Lichtenberg;7261;A00-A05;W;D
SK Berlin Lichtenberg;9614;A06-A14;W;D
SK Berlin Lichtenberg;2671;A15-A17;W;D
SK Berlin Lichtenberg;1775;A18-A19;W;D
SK Berlin Lichtenberg;5234;A20-A24;W;D
SK Berlin Lichtenberg;6086;A25-A29;W;D
SK Berlin Lichtenberg;9506;A30-A34;W;D
SK Berlin Lichtenberg;10065;A35-A39;W;D
SK Berlin Lichtenberg;8231;A40-A44;W;D
SK Berlin Lichtenberg;20368;A45-A59;W;D
SK Berlin Lichtenberg;8651;A60-A64;W;D
SK Berlin Lichtenberg;32811;A65+;W;D
SK Berlin Reinickendorf;6045;A00-A05;W;D
SK Berlin Reinickendorf;8817;A06-A14;W;D
SK Berlin Reinickendorf;2875;A15-A17;W;D
SK Berlin Reinickendorf;1921;A18-A19;W;D
SK Berlin Reinickendorf;5264;A20-A24;W;D
SK Berlin Reinickendorf;5092;A25-A29;W;D
SK Berlin Reinickendorf;5880;A30-A34;W;D
SK Berlin Reinickendorf;5637;A35-A39;W;D
SK Berlin Reinickendorf;5416;A40-A44;W;D
SK Berlin Reinickendorf;21372;A45-A59;W;D
SK Berlin Reinickendorf;8031;A60-A64;W;D
SK Berlin Reinickendorf;32703;A65+;W;D
Berlin;88004;A00-A05;W;D
Berlin;123347;A06-A14;W;D
Berlin;37289;A15-A17;W;D
Berlin;24854;A18-A19;W;D
Berlin;73233;A20-A24;W;D
Berlin;85781;A25-A29;W;D
Berlin;108778;A30-A34;W;D
Berlin;107282;A35-A39;W;D
Berlin;96820;A40-A44;W;D
Berlin;291094;A45-A59;W;D
Berlin;100786;A60-A64;W;D
Berlin;378219;A65+;W;D
SK Berlin Mitte;2886;A00-A05;M;A
SK Berlin Mitte;3890;A06-A14;M;A
SK Berlin Mitte;1052;A15-A17;M;A
SK Berlin Mitte;944;A18-A19;M;A
SK Berlin Mitte;5513;A20-A24;M;A
SK Berlin Mitte;10717;A25-A29;M;A
SK Berlin Mitte;11917;A30-A34;M;A
SK Berlin Mitte;8945;A35-A39;M;A
SK Berlin Mitte;6618;A40-A44;M;A
SK Berlin Mitte;13941;A45-A59;M;A
SK Berlin Mitte;2588;A60-A64;M;A
SK Berlin Mitte;4680;A65+;M;A
SK Berlin Friedrichshain-Kreuzberg;1526;A00-A05;M;A
SK Berlin Friedrichshain-Kreuzberg;1562;A06-A14;M;A
SK Berlin Friedrichshain-Kreuzberg;449;A15-A17;M;A
SK Berlin Friedrichshain-Kreuzberg;386;A18-A19;M;A
SK Berlin Friedrichshain-Kreuzberg;2507;A20-A24;M;A
SK Berlin Friedrichshain-Kreuzberg;6303;A25-A29;M;A
SK Berlin Friedrichshain-Kreuzberg;8303;A30-A34;M;A
SK Berlin Friedrichshain-Kreuzberg;6417;A35-A39;M;A
SK Berlin Friedrichshain-Kreuzberg;4454;A40-A44;M;A
SK Berlin Friedrichshain-Kreuzberg;8078;A45-A59;M;A
SK Berlin Friedrichshain-Kreuzberg;1462;A60-A64;M;A
SK Berlin Friedrichshain-Kreuzberg;2865;A65+;M;A
SK Berlin Pankow;2153;A00-A05;M;A
SK Berlin Pankow;2498;A06-A14;M;A
SK Berlin Pankow;635;A15-A17;M;A
SK Berlin Pankow;465;A18-A19;M;A
SK Berlin Pankow;2108;A20-A24;M;A
SK Berlin Pankow;4819;A25-A29;M;A
SK Berlin Pankow;6458;A30-A34;M;A
SK Berlin Pankow;5407;A35-A39;M;A
SK Berlin Pankow;3621;A40-A44;M;A
SK Berlin Pankow;5591;A45-A59;M;A
SK Berlin Pankow;872;A60-A64;M;A
SK Berlin Pankow;1013;A65+;M;A
SK Berlin Charlottenburg-Wilmersdorf;1746;A00-A05;M;A
SK Berlin Charlottenburg-Wilmersdorf;2637;A06-A14;M;A
SK Berlin Charlottenburg-Wilmersdorf;778;A15-A17;M;A
SK Berlin Charlottenburg-Wilmersdorf;492;A18-A19;M;A
SK Berlin Charlottenburg-Wilmersdorf;2711;A20-A24;M;A
SK Berlin Charlottenburg-Wilmersdorf;5054;A25-A29;M;A
SK Berlin Charlottenburg-Wilmersdorf;5657;A30-A34;M;A
SK Berlin Charlottenburg-Wilmersdorf;4525;A35-A39;M;A
SK Berlin Charlottenburg-Wilmersdorf;3692;A40-A44;M;A
SK Berlin Charlottenburg-Wilmersdorf;8730;A45-A59;M;A
SK Berlin Charlottenburg-Wilmersdorf;2117;A60-A64;M;A
SK Berlin Charlottenburg-Wilmersdorf;4833;A65+;M;A
SK Berlin Spandau;2125;A00-A05;M;A
SK Berlin Spandau;3113;A06-A14;M;A
SK Berlin Spandau;913;A15-A17;M;A
SK Berlin Spandau;569;A18-A19;M;A
SK Berlin Spandau;1945;A20-A24;M;A
SK Berlin Spandau;3054;A25-A29;M;A
SK Berlin Spandau;3477;A30-A34;M;A
SK Berlin Spandau;3213;A35-A39;M;A
SK Berlin Spandau;2753;A40-A44;M;A
SK Berlin Spandau;5926;A45-A59;M;A
SK Berlin Spandau;1050;A60-A64;M;A
SK Berlin Spandau;2033;A65+;M;A
SK Berlin Steglitz-Zehlendorf;1086;A00-A05;M;A
SK Berlin Steglitz-Zehlendorf;1805;A06-A14;M;A
SK Berlin Steglitz-Zehlendorf;555;A15-A17;M;A
SK Berlin Steglitz-Zehlendorf;438;A18-A19;M;A
SK Berlin Steglitz-Zehlendorf;1906;A20-A24;M;A
SK Berlin Steglitz-Zehlendorf;2874;A25-A29;M;A
SK Berlin Steglitz-Zehlendorf;2945;A30-A34;M;A
SK Berlin Steglitz-Zehlendorf;2547;A35-A39;M;A
SK Berlin Steglitz-Zehlendorf;2214;A40-A44;M;A
SK Berlin Steglitz-Zehlendorf;5131;A45-A59;M;A
SK Berlin Steglitz-Zehlendorf;1079;A60-A64;M;A
SK Berlin Steglitz-Zehlendorf;2589;A65+;M;A
SK Berlin Tempelhof-Schöneberg;1622;A00-A05;M;A
SK Berlin Tempelhof-Schöneberg;2425;A06-A14;M;A
SK Berlin Tempelhof-Schöneberg;714;A15-A17;M;A
SK Berlin Tempelhof-Schöneberg;495;A18-A19;M;A
SK Berlin Tempelhof-Schöneberg;2355;A20-A24;M;A
SK Berlin Tempelhof-Schöneberg;4412;A25-A29;M;A
SK Berlin Tempelhof-Schöneberg;5157;A30-A34;M;A
SK Berlin Tempelhof-Schöneberg;4284;A35-A39;M;A
SK Berlin Tempelhof-Schöneberg;3573;A40-A44;M;A
SK Berlin Tempelhof-Schöneberg;8350;A45-A59;M;A
SK Berlin Tempelhof-Schöneberg;1645;A60-A64;M;A
SK Berlin Tempelhof-Schöneberg;3607;A65+;M;A
SK Berlin Neukölln;1558;A00-A05;M;A
SK Berlin Neukölln;2369;A06-A14;M;A
SK Berlin Neukölln;727;A15-A17;M;A
SK Berlin Neukölln;505;A18-A19;M;A
SK Berlin Neukölln;2486;A20-A24;M;A
SK Berlin Neukölln;5315;A25-A29;M;A
SK Berlin Neukölln;6971;A30-A34;M;A
SK Berlin Neukölln;5982;A35-A39;M;A
SK Berlin Neukölln;4810;A40-A44;M;A
SK Berlin Neukölln;10347;A45-A59;M;A
SK Berlin Neukölln;1854;A60-A64;M;A
SK Berlin Neukölln;3691;A65+;M;A
SK Berlin Treptow-Köpenick;1351;A00-A05;M;A
SK Berlin Treptow-Köpenick;1682;A06-A14;M;A
SK Berlin Treptow-Köpenick;480;A15-A17;M;A
SK Berlin Treptow-Köpenick;335;A18-A19;M;A
SK Berlin Treptow-Köpenick;1618;A20-A24;M;A
SK Berlin Treptow-Köpenick;2983;A25-A29;M;A
SK Berlin Treptow-Köpenick;3356;A30-A34;M;A
SK Berlin Treptow-Köpenick;2481;A35-A39;M;A
SK Berlin Treptow-Köpenick;1726;A40-A44;M;A
SK Berlin Treptow-Köpenick;2888;A45-A59;M;A
SK Berlin Treptow-Köpenick;437;A60-A64;M;A
SK Berlin Treptow-Köpenick;586;A65+;M;A
SK Berlin Marzahn-Hellersdorf;2217;A00-A05;M;A
SK Berlin Marzahn-Hellersdorf;2507;A06-A14;M;A
SK Berlin Marzahn-Hellersdorf;681;A15-A17;M;A
SK Berlin Marzahn-Hellersdorf;422;A18-A19;M;A
SK Berlin Marzahn-Hellersdorf;1730;A20-A24;M;A
SK Berlin Marzahn-Hellersdorf;2796;A25-A29;M;A
SK Berlin Marzahn-Hellersdorf;3016;A30-A34;M;A
SK Berlin Marzahn-Hellersdorf;2360;A35-A39;M;A
SK Berlin Marzahn-Hellersdorf;1764;A40-A44;M;A
SK Berlin Marzahn-Hellersdorf;3499;A45-A59;M;A
SK Berlin Marzahn-Hellersdorf;569;A60-A64;M;A
SK Berlin Marzahn-Hellersdorf;601;A65+;M;A
SK Berlin Lichtenberg;2657;A00-A05;M;A
SK Berlin Lichtenberg;2956;A06-A14;M;A
SK Berlin Lichtenberg;748;A15-A17;M;A
SK Berlin Lichtenberg;565;A18-A19;M;A
SK Berlin Lichtenberg;2853;A20-A24;M;A
SK Berlin Lichtenberg;5235;A25-A29;M;A
SK Berlin Lichtenberg;5495;A30-A34;M;A
SK Berlin Lichtenberg;4136;A35-A39;M;A
SK Berlin Lichtenberg;2574;A40-A44;M;A
SK Berlin Lichtenberg;4984;A45-A59;M;A
SK Berlin Lichtenberg;965;A60-A64;M;A
SK Berlin Lichtenberg;897;A65+;M;A
SK Berlin Reinickendorf;1534;A00-A05;M;A
SK Berlin Reinickendorf;2476;A06-A14;M;A
SK Berlin Reinickendorf;825;A15-A17;M;A
SK Berlin Reinickendorf;539;A18-A19;M;A
SK Berlin Reinickendorf;2127;A20-A24;M;A
SK Berlin Reinickendorf;3269;A25-A29;M;A
SK Berlin Reinickendorf;3625;A30-A34;M;A
SK Berlin Reinickendorf;3014;A35-A39;M;A
SK Berlin Reinickendorf;2559;A40-A44;M;A
SK Berlin Reinickendorf;5975;A45-A59;M;A
SK Berlin Reinickendorf;1042;A60-A64;M;A
SK Berlin Reinickendorf;1991;A65+;M;A
Berlin;22461;A00-A05;M;A
Berlin;29920;A06-A14;M;A
Berlin;8557;A15-A17;M;A
Berlin;6155;A18-A19;M;A
Berlin;29859;A20-A24;M;A
Berlin;56831;A25-A29;M;A
Berlin;66377;A30-A34;M;A
Berlin;53311;A35-A39;M;A
Berlin;40358;A40-A44;M;A
Berlin;83440;A45-A59;M;A
Berlin;15680;A60-A64;M;A
Berlin;29386;A65+;M;A
SK Berlin Mitte;2688;A00-A05;W;A
SK Berlin Mitte;3520;A06-A14;W;A
SK Berlin Mitte;1058;A15-A17;W;A
SK Berlin Mitte;925;A18-A19;W;A
SK Berlin Mitte;5200;A20-A24;W;A
SK Berlin Mitte;9448;A25-A29;W;A
SK Berlin Mitte;10692;A30-A34;W;A
SK Berlin Mitte;7721;A35-A39;W;A
SK Berlin Mitte;5745;A40-A44;W;A
SK Berlin Mitte;11902;A45-A59;W;A
SK Berlin Mitte;2350;A60-A64;W;A
SK Berlin Mitte;5603;A65+;W;A
SK Berlin Friedrichshain-Kreuzberg;1393;A00-A05;W;A
SK Berlin Friedrichshain-Kreuzberg;1580;A06-A14;W;A
SK Berlin Friedrichshain-Kreuzberg;385;A15-A17;W;A
SK Berlin Friedrichshain-Kreuzberg;366;A18-A19;W;A
SK Berlin Friedrichshain-Kreuzberg;2699;A20-A24;W;A
SK Berlin Friedrichshain-Kreuzberg;6422;A25-A29;W;A
SK Berlin Friedrichshain-Kreuzberg;7742;A30-A34;W;A
SK Berlin Friedrichshain-Kreuzberg;5668;A35-A39;W;A
SK Berlin Friedrichshain-Kreuzberg;3727;A40-A44;W;A
SK Berlin Friedrichshain-Kreuzberg;6902;A45-A59;W;A
SK Berlin Friedrichshain-Kreuzberg;1285;A60-A64;W;A
SK Berlin Friedrichshain-Kreuzberg;3234;A65+;W;A
SK Berlin Pankow;2087;A00-A05;W;A
SK Berlin Pankow;2244;A06-A14;W;A
SK Berlin Pankow;593;A15-A17;W;A
SK Berlin Pankow;530;A18-A19;W;A
SK Berlin Pankow;2263;A20-A24;W;A
SK Berlin Pankow;5367;A25-A29;W;A
SK Berlin Pankow;6809;A30-A34;W;A
SK Berlin Pankow;5353;A35-A39;W;A
SK Berlin Pankow;3564;A40-A44;W;A
SK Berlin Pankow;5187;A45-A59;W;A
SK Berlin Pankow;652;A60-A64;W;A
SK Berlin Pankow;1197;A65+;W;A
SK Berlin Charlottenburg-Wilmersdorf;1672;A00-A05;W;A
SK Berlin Charlottenburg-Wilmersdorf;2457;A06-A14;W;A
SK Berlin Charlottenburg-Wilmersdorf;712;A15-A17;W;A
SK Berlin Charlottenburg-Wilmersdorf;573;A18-A19;W;A
SK Berlin Charlottenburg-Wilmersdorf;2890;A20-A24;W;A
SK Berlin Charlottenburg-Wilmersdorf;4968;A25-A29;W;A
SK Berlin Charlottenburg-Wilmersdorf;5636;A30-A34;W;A
SK Berlin Charlottenburg-Wilmersdorf;4492;A35-A39;W;A
SK Berlin Charlottenburg-Wilmersdorf;3828;A40-A44;W;A
SK Berlin Charlottenburg-Wilmersdorf;9246;A45-A59;W;A
SK Berlin Charlottenburg-Wilmersdorf;2110;A60-A64;W;A
SK Berlin Charlottenburg-Wilmersdorf;5432;A65+;W;A
SK Berlin Spandau;1982;A00-A05;W;A
SK Berlin Spandau;3037;A06-A14;W;A
SK Berlin Spandau;816;A15-A17;W;A
SK Berlin Spandau;523;A18-A19;W;A
SK Berlin Spandau;1740;A20-A24;W;A
SK Berlin Spandau;2873;A25-A29;W;A
SK Berlin Spandau;3223;A30-A34;W;A
SK Berlin Spandau;2969;A35-A39;W;A
SK Berlin Spandau;2629;A40-A44;W;A
SK Berlin Spandau;5668;A45-A59;W;A
SK Berlin Spandau;1108;A60-A64;W;A
SK Berlin Spandau;2568;A65+;W;A
SK Berlin Steglitz-Zehlendorf;979;A00-A05;W;A
SK Berlin Steglitz-Zehlendorf;1772;A06-A14;W;A
SK Berlin Steglitz-Zehlendorf;536;A15-A17;W;A
SK Berlin Steglitz-Zehlendorf;405;A18-A19;W;A
SK Berlin Steglitz-Zehlendorf;1830;A20-A24;W;A
SK Berlin Steglitz-Zehlendorf;2739;A25-A29;W;A
SK Berlin Steglitz-Zehlendorf;3003;A30-A34;W;A
SK Berlin Steglitz-Zehlendorf;2751;A35-A39;W;A
SK Berlin Steglitz-Zehlendorf;2480;A40-A44;W;A
SK Berlin Steglitz-Zehlendorf;5716;A45-A59;W;A
SK Berlin Steglitz-Zehlendorf;1275;A60-A64;W;A
SK Berlin Steglitz-Zehlendorf;3110;A65+;W;A
SK Berlin Tempelhof-Schöneberg;1585;A00-A05;W;A
SK Berlin Tempelhof-Schöneberg;2238;A06-A14;W;A
SK Berlin Tempelhof-Schöneberg;638;A15-A17;W;A
SK Berlin Tempelhof-Schöneberg;471;A18-A19;W;A
SK Berlin Tempelhof-Schöneberg;2237;A20-A24;W;A
SK Berlin Tempelhof-Schöneberg;4237;A25-A29;W;A
SK Berlin Tempelhof-Schöneberg;4673;A30-A34;W;A
SK Berlin Tempelhof-Schöneberg;3923;A35-A39;W;A
SK Berlin Tempelhof-Schöneberg;3239;A40-A44;W;A
SK Berlin Tempelhof-Schöneberg;7745;A45-A59;W;A
SK Berlin Tempelhof-Schöneberg;1582;A60-A64;W;A
SK Berlin Tempelhof-Schöneberg;4459;A65+;W;A
SK Berlin Neukölln;1541;A00-A05;W;A
SK Berlin Neukölln;2134;A06-A14;W;A
SK Berlin Neukölln;707;A15-A17;W;A
SK Berlin Neukölln;494;A18-A19;W;A
SK Berlin Neukölln;2239;A20-A24;W;A
SK Berlin Neukölln;4913;A25-A29;W;A
SK Berlin Neukölln;6461;A30-A34;W;A
SK Berlin Neukölln;5141;A35-A39;W;A
SK Berlin Neukölln;4079;A40-A44;W;A
SK Berlin Neukölln;8962;A45-A59;W;A
SK Berlin Neukölln;1728;A60-A64;W;A
SK Berlin Neukölln;4431;A65+;W;A
SK Berlin Treptow-Köpenick;1381;A00-A05;W;A
SK Berlin Treptow-Köpenick;1661;A06-A14;W;A
SK Berlin Treptow-Köpenick;398;A15-A17;W;A
SK Berlin Treptow-Köpenick;314;A18-A19;W;A
SK Berlin Treptow-Köpenick;1343;A20-A24;W;A
SK Berlin Treptow-Köpenick;2810;A25-A29;W;A
SK Berlin Treptow-Köpenick;2944;A30-A34;W;A
SK Berlin Treptow-Köpenick;2295;A35-A39;W;A
SK Berlin Treptow-Köpenick;1620;A40-A44;W;A
SK Berlin Treptow-Köpenick;2602;A45-A59;W;A
SK Berlin Treptow-Köpenick;415;A60-A64;W;A
SK Berlin Treptow-Köpenick;639;A65+;W;A
SK Berlin Marzahn-Hellersdorf;1983;A00-A05;W;A
SK Berlin Marzahn-Hellersdorf;2290;A06-A14;W;A
SK Berlin Marzahn-Hellersdorf;558;A15-A17;W;A
SK Berlin Marzahn-Hellersdorf;416;A18-A19;W;A
SK Berlin Marzahn-Hellersdorf;1579;A20-A24;W;A
SK Berlin Marzahn-Hellersdorf;2559;A25-A29;W;A
SK Berlin Marzahn-Hellersdorf;2611;A30-A34;W;A
SK Berlin Marzahn-Hellersdorf;2176;A35-A39;W;A
SK Berlin Marzahn-Hellersdorf;1815;A40-A44;W;A
SK Berlin Marzahn-Hellersdorf;3418;A45-A59;W;A
SK Berlin Marzahn-Hellersdorf;584;A60-A64;W;A
SK Berlin Marzahn-Hellersdorf;721;A65+;W;A
SK Berlin Lichtenberg;2628;A00-A05;W;A
SK Berlin Lichtenberg;2805;A06-A14;W;A
SK Berlin Lichtenberg;716;A15-A17;W;A
SK Berlin Lichtenberg;552;A18-A19;W;A
SK Berlin Lichtenberg;2702;A20-A24;W;A
SK Berlin Lichtenberg;4928;A25-A29;W;A
SK Berlin Lichtenberg;4714;A30-A34;W;A
SK Berlin Lichtenberg;3422;A35-A39;W;A
SK Berlin Lichtenberg;2377;A40-A44;W;A
SK Berlin Lichtenberg;4420;A45-A59;W;A
SK Berlin Lichtenberg;756;A60-A64;W;A
SK Berlin Lichtenberg;972;A65+;W;A
SK Berlin Reinickendorf;1465;A00-A05;W;A
SK Berlin Reinickendorf;2309;A06-A14;W;A
SK Berlin Reinickendorf;694;A15-A17;W;A
SK Berlin Reinickendorf;468;A18-A19;W;A
SK Berlin Reinickendorf;1803;A20-A24;W;A
SK Berlin Reinickendorf;2877;A25-A29;W;A
SK Berlin Reinickendorf;3169;A30-A34;W;A
SK Berlin Reinickendorf;2673;A35-A39;W;A
SK Berlin Reinickendorf;2476;A40-A44;W;A
SK Berlin Reinickendorf;5555;A45-A59;W;A
SK Berlin Reinickendorf;1039;A60-A64;W;A
SK Berlin Reinickendorf;2402;A65+;W;A
Berlin;21384;A00-A05;W;A
Berlin;28047;A06-A14;W;A
Berlin;7811;A15-A17;W;A
Berlin;6037;A18-A19;W;A
Berlin;28525;A20-A24;W;A
Berlin;54141;A25-A29;W;A
Berlin;61677;A30-A34;W;A
Berlin;48584;A35-A39;W;A
Berlin;37579;A40-A44;W;A
Berlin;77323;A45-A59;W;A
Berlin;14884;A60-A64;W;A
Berlin;34768;A65+;W;A
